COMPANY_ID,ASX_TICKER,COMPANY_NAME,GICS_SECTOR,GICS_INDUSTRY,MARKET_CAP_AUD,HQ_CITY,HQ_COUNTRY,EMPLOYEE_COUNT,WEBSITE_URL,CAREERS_URL,IR_URL,BLOG_URL,GOVERNANCE_URL,ANNUAL_REPORT_URL
94e439cf06f5d906,360.AX,Life360,Information Technology,,,,AU,,https://www.life360.com/en-au,https://www.life360.com/en-au/careers,https://www.life360.com/en-au/investors,https://www.life360.com/en-au/blog,https://www.life360.com/en-au/governance,https://www.life360.com/en-au/investors
d0c6ec8593a948c7,4DX.AX,4DMedical,Healthcare,,,,AU,,https://4dmedical.com/,https://4dmedical.com/careers,https://4dmedical.com/investors,https://4dmedical.com/blog,https://4dmedical.com/governance,https://4dmedical.com/investors
47b8a241e09e2c2b,A2M.AX,a2 Milk Company,Consumer Staples,,,,AU,,https://www.a2.com/,https://www.a2.com/careers,https://www.a2.com/investors,https://www.a2.com/blog,https://www.a2.com/governance,https://www.a2.com/investors
bd9278df6760f2e7,AAI.AX,Alcoa,Materials,,,,AU,,https://www.alcoa.com/global/en/home/,https://www.alcoa.com/global/en/home/careers,https://www.alcoa.com/global/en/home/investors,https://www.alcoa.com/global/en/home/blog,https://www.alcoa.com/global/en/home/governance,https://www.alcoa.com/global/en/home/investors
202db724f49cc988,AFI.AX,Australian Foundation Investment Company,Financials,,,,AU,,https://centralequity.com.au:443/,https://centralequity.com.au:443/careers,https://centralequity.com.au:443/investors,https://centralequity.com.au:443/blog,https://centralequity.com.au:443/governance,https://centralequity.com.au:443/investors
84bf6aa8211b70d1,AGL.AX,AGL Energy,Utilities,,,,AU,,,,,,,
2cc1b09a357bb8e9,AIA.AX,Auckland International Airport Limited,Industrials,,,,AU,,https://telepathy.com/,https://telepathy.com/careers,https://telepathy.com/investors,https://telepathy.com/blog,https://telepathy.com/governance,https://telepathy.com/investors
a1c8a8e5403a8eee,ALD.AX,Ampol,Energy,,,,AU,,https://www.ampol.com.au/,https://www.ampol.com.au/careers,https://www.ampol.com.au/investors,https://www.ampol.com.au/blog,https://www.ampol.com.au/governance,https://www.ampol.com.au/investors
fafbf5c550b35da8,ALK.AX,Alkane Resources,Materials,,,,AU,,https://alkres.com/,https://alkres.com/careers,https://alkres.com/investors,https://alkres.com/blog,https://alkres.com/governance,https://alkres.com/investors
dd05809617a11501,ALL.AX,Aristocrat Leisure,Consumer Discretionary,,,,AU,,https://www.aristocrat.com/,https://www.aristocrat.com/careers,https://www.aristocrat.com/investors,https://www.aristocrat.com/blog,https://www.aristocrat.com/governance,https://www.aristocrat.com/investors
da739340b1ace9cd,ALQ.AX,ALS,Industrials,,,,AU,,,,,,,
f17ff738b3691eb9,ALX.AX,Atlas Arteria,Industrials,,,,AU,,https://www.atlas.com.au/,https://www.atlas.com.au/careers,https://www.atlas.com.au/investors,https://www.atlas.com.au/blog,https://www.atlas.com.au/governance,https://www.atlas.com.au/investors
1ce428b9cf14e189,AMC.AX,Amcor,Materials,,,,AU,,https://www.amcor.com/,https://www.amcor.com/careers,https://www.amcor.com/investors,https://www.amcor.com/blog,https://www.amcor.com/governance,https://www.amcor.com/investors
2a1bf270609d4dc4,AMP.AX,AMP,Financials,,,,AU,,https://www.amp.com.au/,https://www.amp.com.au/careers,https://www.amp.com.au/investors,https://www.amp.com.au/blog,https://www.amp.com.au/governance,https://www.amp.com.au/investors
cdc90fa1e6e17c76,ANN.AX,Ansell,Healthcare,,,,AU,,https://www.ansell.com/au/en,https://www.ansell.com/au/en/careers,https://www.ansell.com/au/en/investors,https://www.ansell.com/au/en/blog,https://www.ansell.com/au/en/governance,https://www.ansell.com/au/en/investors
90d4407b13443ea8,ANZ.AX,Australia & New Zealand Banking Group,Financials,,,,AU,,https://www.australia.com/en,https://www.australia.com/en/careers,https://www.australia.com/en/investors,https://www.australia.com/en/blog,https://www.australia.com/en/governance,https://www.australia.com/en/investors
0a54a570afda0ffd,APA.AX,APA Group,Utilities,,,,AU,,https://www.apa.com.au/,https://www.apa.com.au/careers,https://www.apa.com.au/investors,https://www.apa.com.au/blog,https://www.apa.com.au/governance,https://www.apa.com.au/investors
56d6e997cec682de,APE.AX,Eagers Automotive,Consumer Discretionary,,,,AU,,https://www.eagersautomotive.com.au/,https://www.eagersautomotive.com.au/careers,https://www.eagersautomotive.com.au/investors,https://www.eagersautomotive.com.au/blog,https://www.eagersautomotive.com.au/governance,https://www.eagersautomotive.com.au/investors
5d7bd650d9f4a77e,ARB.AX,ARB Corporation,Consumer Discretionary,,,,AU,,https://www.arb.com.au/,https://www.arb.com.au/careers,https://www.arb.com.au/investors,https://www.arb.com.au/blog,https://www.arb.com.au/governance,https://www.arb.com.au/investors
b0a118006390739f,ARG.AX,Argo Investments,Financials,,,,AU,,https://www.argo.com.au/,https://www.argo.com.au/careers,https://www.argo.com.au/investors,https://www.argo.com.au/blog,https://www.argo.com.au/governance,https://www.argo.com.au/investors
c720a08135128ece,ASB.AX,Austal,Industrials,,,,AU,,https://austal.com.au/,https://austal.com.au/careers,https://austal.com.au/investors,https://austal.com.au/blog,https://austal.com.au/governance,https://austal.com.au/investors
39a8768f58073698,ASK.AX,Abacus Storage King,Real Estate,,,,AU,,https://spend.emburse.com/login,https://spend.emburse.com/login/careers,https://spend.emburse.com/login/investors,https://spend.emburse.com/login/blog,https://spend.emburse.com/login/governance,https://spend.emburse.com/login/investors
a86c8a00c069b925,ASX.AX,ASX,Financials,,,,AU,,https://www.asx.com.au/,https://www.asx.com.au/careers,https://www.asx.com.au/investors,https://www.asx.com.au/blog,https://www.asx.com.au/governance,https://www.asx.com.au/investors
bc78fdc890af4805,AUB.AX,AUB Group,Financials,,,,AU,,https://aub.com.au/,https://aub.com.au/careers,https://aub.com.au/investors,https://aub.com.au/blog,https://aub.com.au/governance,https://aub.com.au/investors
fe5eca61920459c8,AZJ.AX,Aurizon,Industrials,,,,AU,,https://www.aurizon.com.au/,https://www.aurizon.com.au/careers,https://www.aurizon.com.au/investors,https://www.aurizon.com.au/blog,https://www.aurizon.com.au/governance,https://www.aurizon.com.au/investors
2f0553982fdeb450,BEN.AX,Bendigo & Adelaide Bank,Financials,,,,AU,,https://www.bendigo.com.au/,https://www.bendigo.com.au/careers,https://www.bendigo.com.au/investors,https://www.bendigo.com.au/blog,https://www.bendigo.com.au/governance,https://www.bendigo.com.au/investors
e9a289f38c07e283,BFL.AX,BSP Financial Group,Financials,,,,AU,,,,,,,
dc62ae3f29e93db4,BGA.AX,Bega Cheese,Consumer Staples,,,,AU,,https://www.bega.com/en/,https://www.bega.com/en/careers,https://www.bega.com/en/investors,https://www.bega.com/en/blog,https://www.bega.com/en/governance,https://www.bega.com/en/investors
16f44843b7615002,BGL.AX,Bellevue Gold,Materials,,,,AU,,https://www.bellevue.com/,https://www.bellevue.com/careers,https://www.bellevue.com/investors,https://www.bellevue.com/blog,https://www.bellevue.com/governance,https://www.bellevue.com/investors
f8d40375a26598b8,BOQ.AX,Bank of Queensland,Financials,,,,AU,,,,,,,
7ee52fd06a3f2181,BPT.AX,Beach Energy,Energy,,,,AU,,https://www.beach.com/,https://www.beach.com/careers,https://www.beach.com/investors,https://www.beach.com/blog,https://www.beach.com/governance,https://www.beach.com/investors
d98008b7fda711c4,BRG.AX,Breville Group,Consumer Discretionary,,,,AU,,https://www.breville.com/en-au,https://www.breville.com/en-au/careers,https://www.breville.com/en-au/investors,https://www.breville.com/en-au/blog,https://www.breville.com/en-au/governance,https://www.breville.com/en-au/investors
ab6c857acecd60ce,BSL.AX,BlueScope,Materials,,,,AU,,https://www.bluescope.com/,https://www.bluescope.com/careers,https://www.bluescope.com/investors,https://www.bluescope.com/blog,https://www.bluescope.com/governance,https://www.bluescope.com/investors
0961e72e09301a3a,BWP.AX,BWP Trust,Real Estate,,,,AU,,https://telepathy.com/,https://telepathy.com/careers,https://telepathy.com/investors,https://telepathy.com/blog,https://telepathy.com/governance,https://telepathy.com/investors
55f4d101f03297e6,BXB.AX,Brambles,Industrials,,,,AU,,https://www.brambles.com/,https://www.brambles.com/careers,https://www.brambles.com/investors,https://www.brambles.com/blog,https://www.brambles.com/governance,https://www.brambles.com/investors
495864c316006d47,CAR.AX,CAR Group,Communication Services,,,,AU,,https://car.com.au/,https://car.com.au/careers,https://car.com.au/investors,https://car.com.au/blog,https://car.com.au/governance,https://car.com.au/investors
d7de0d0e7f60fd0c,CDA.AX,Codan,Information Technology,,,,AU,,https://codan.com.au/,https://codan.com.au/careers,https://codan.com.au/investors,https://codan.com.au/blog,https://codan.com.au/governance,https://codan.com.au/investors
0113a2b56f5bddb3,CEN.AX,Contact Energy,Utilities,,,,AU,,https://contact.com/,https://contact.com/careers,https://contact.com/investors,https://contact.com/blog,https://contact.com/governance,https://contact.com/investors
884da9bb4846bfb9,CGF.AX,Challenger,Financials,,,,AU,,https://www.challenger.com.au/,https://www.challenger.com.au/careers,https://www.challenger.com.au/investors,https://www.challenger.com.au/blog,https://www.challenger.com.au/governance,https://www.challenger.com.au/investors
66a576fbbe0a58f0,CHC.AX,Charter Hall,Real Estate,,,,AU,,,,,,,
06f8499945ac527c,CIA.AX,Champion Iron,Materials,,,,AU,,https://www.champion.com.au/,https://www.champion.com.au/careers,https://www.champion.com.au/investors,https://www.champion.com.au/blog,https://www.champion.com.au/governance,https://www.champion.com.au/investors
a8706e0408c5064a,CIP.AX,Centuria Industrial REIT,Real Estate,,,,AU,,https://centuria.com.au/,https://centuria.com.au/careers,https://centuria.com.au/investors,https://centuria.com.au/blog,https://centuria.com.au/governance,https://centuria.com.au/investors
cc74a5fff74d34d5,CLW.AX,Charter Hall Long WALE REIT,Real Estate,,,,AU,,,,,,,
2ae5f40c200cbc88,CMM.AX,Capricorn Metals,Materials,,,,AU,,https://www.capricorn.coop,https://www.capricorn.coop/careers,https://www.capricorn.coop/investors,https://www.capricorn.coop/blog,https://www.capricorn.coop/governance,https://www.capricorn.coop/investors
ede0d35e46a76cb5,CNU.AX,Chorus,Communication Services,,,,AU,,https://chorus.com/,https://chorus.com/careers,https://chorus.com/investors,https://chorus.com/blog,https://chorus.com/governance,https://chorus.com/investors
8c6e4586721eada2,COL.AX,Coles Group,Consumer Staples,,,,AU,,https://www.coles.com.au/,https://www.coles.com.au/careers,https://www.coles.com.au/investors,https://www.coles.com.au/blog,https://www.coles.com.au/governance,https://www.coles.com.au/investors
3bae59a9cd8c8a80,CPU.AX,Computershare,Information Technology,,,,AU,,https://www.computershare.com/au,https://www.computershare.com/au/careers,https://www.computershare.com/au/investors,https://www.computershare.com/au/blog,https://www.computershare.com/au/governance,https://www.computershare.com/au/investors
41fd2a590979c1b4,CQR.AX,Charter Hall Retail REIT,Real Estate,,,,AU,,,,,,,
4df235cf18525ae5,CSC.AX,Capstone Copper,Materials,,,,AU,,https://www.capstone.com.au/,https://www.capstone.com.au/careers,https://www.capstone.com.au/investors,https://www.capstone.com.au/blog,https://www.capstone.com.au/governance,https://www.capstone.com.au/investors
e40c773318fec74f,CTD.AX,Corporate Travel Management,Consumer Discretionary,,,,AU,,https://www.corporate.com.au/,https://www.corporate.com.au/careers,https://www.corporate.com.au/investors,https://www.corporate.com.au/blog,https://www.corporate.com.au/governance,https://www.corporate.com.au/investors
1abed4810f2fd901,CWY.AX,Cleanaway,Industrials,,,,AU,,https://www.cleanaway.com.au/,https://www.cleanaway.com.au/careers,https://www.cleanaway.com.au/investors,https://www.cleanaway.com.au/blog,https://www.cleanaway.com.au/governance,https://www.cleanaway.com.au/investors
c2d3946bed0e371c,CYL.AX,Catalyst Metals,Materials,,,,AU,,https://www.catalyst.com.au/,https://www.catalyst.com.au/careers,https://www.catalyst.com.au/investors,https://www.catalyst.com.au/blog,https://www.catalyst.com.au/governance,https://www.catalyst.com.au/investors
f3b36fc6ab28e9b0,DBI.AX,Dalrymple Bay Infrastructure,Industrials,,,,AU,,https://www.dalrymplevineyards.com.au/,https://www.dalrymplevineyards.com.au/careers,https://www.dalrymplevineyards.com.au/investors,https://www.dalrymplevineyards.com.au/blog,https://www.dalrymplevineyards.com.au/governance,https://www.dalrymplevineyards.com.au/investors
e770c26070a304ed,DNL.AX,Dyno Nobel,Materials,,,,AU,,https://www.dyno.com.au/,https://www.dyno.com.au/careers,https://www.dyno.com.au/investors,https://www.dyno.com.au/blog,https://www.dyno.com.au/governance,https://www.dyno.com.au/investors
fdb225a51af22462,DOW.AX,Downer Group,Industrials,,,,AU,,https://www.alantra.com,https://www.alantra.com/careers,https://www.alantra.com/investors,https://www.alantra.com/blog,https://www.alantra.com/governance,https://www.alantra.com/investors
361ea86216d4a927,DRO.AX,Droneshield,Industrials,,,,AU,,https://www.droneshield.com/,https://www.droneshield.com/careers,https://www.droneshield.com/investors,https://www.droneshield.com/blog,https://www.droneshield.com/governance,https://www.droneshield.com/investors
7921fbf542b09944,DRR.AX,Deterra Royalties,Materials,,,,AU,,https://www.deterraroyalties.com/,https://www.deterraroyalties.com/careers,https://www.deterraroyalties.com/investors,https://www.deterraroyalties.com/blog,https://www.deterraroyalties.com/governance,https://www.deterraroyalties.com/investors
62efe85dc786f15c,DXS.AX,Dexus,Real Estate,,,,AU,,https://www.dexus.com/,https://www.dexus.com/careers,https://www.dexus.com/investors,https://www.dexus.com/blog,https://www.dexus.com/governance,https://www.dexus.com/investors
33d5db36e825b8fe,DYL.AX,Deep Yellow,Energy,,,,AU,,https://www.deep.com/,https://www.deep.com/careers,https://www.deep.com/investors,https://www.deep.com/blog,https://www.deep.com/governance,https://www.deep.com/investors
95518a37abc88bc3,EBO.AX,EBOS Group,Healthcare,,,,AU,,,,,,,
69205003781e3e23,EDV.AX,Endeavour Group,Consumer Staples,,,,AU,,https://www.endeavour.com.au/,https://www.endeavour.com.au/careers,https://www.endeavour.com.au/investors,https://www.endeavour.com.au/blog,https://www.endeavour.com.au/governance,https://www.endeavour.com.au/investors
3a7fedd308afdbf2,EMR.AX,Emerald Resources,Materials,,,,AU,,https://www.emerald.com.au/,https://www.emerald.com.au/careers,https://www.emerald.com.au/investors,https://www.emerald.com.au/blog,https://www.emerald.com.au/governance,https://www.emerald.com.au/investors
9d98fce062346a4b,EOS.AX,Electro Optic Systems Holdings,Industrials,,,,AU,,https://www.electro.com.au/,https://www.electro.com.au/careers,https://www.electro.com.au/investors,https://www.electro.com.au/blog,https://www.electro.com.au/governance,https://www.electro.com.au/investors
6dbcfab576a1bc3a,EVN.AX,Evolution Mining,Materials,,,,AU,,https://www.evolution.com/,https://www.evolution.com/careers,https://www.evolution.com/investors,https://www.evolution.com/blog,https://www.evolution.com/governance,https://www.evolution.com/investors
53c5c46cdbe66490,EVT.AX,EVT,Communication Services,,,,AU,,https://www.evt.com/,https://www.evt.com/careers,https://www.evt.com/investors,https://www.evt.com/blog,https://www.evt.com/governance,https://www.evt.com/investors
c235b0d42151a077,FBU.AX,Fletcher Building,Industrials,,,,AU,,https://www.fletcher.com/,https://www.fletcher.com/careers,https://www.fletcher.com/investors,https://www.fletcher.com/blog,https://www.fletcher.com/governance,https://www.fletcher.com/investors
35d7749d7193e4cd,FLT.AX,Flight Centre Travel Group,Consumer Discretionary,,,,AU,,,,,,,
7bbf353a0082e90f,FMG.AX,Fortescue,Materials,,,,AU,,https://www.fortescue.com/en,https://www.fortescue.com/en/careers,https://www.fortescue.com/en/investors,https://www.fortescue.com/en/blog,https://www.fortescue.com/en/governance,https://www.fortescue.com/en/investors
9a4560cf79acb39c,FPH.AX,Fisher & Paykel Healthcare,Healthcare,,,,AU,,https://www.emerson.com/en/final-control/brands/fisher,https://www.emerson.com/en/final-control/brands/fisher/careers,https://www.emerson.com/en/final-control/brands/fisher/investors,https://www.emerson.com/en/final-control/brands/fisher/blog,https://www.emerson.com/en/final-control/brands/fisher/governance,https://www.emerson.com/en/final-control/brands/fisher/investors
cd1b8941a29d9557,FRW.AX,Freightways Group,Industrials,,,,AU,,https://www.freightways.com/,https://www.freightways.com/careers,https://www.freightways.com/investors,https://www.freightways.com/blog,https://www.freightways.com/governance,https://www.freightways.com/investors
ac793caa7fb8c133,GDG.AX,Generation Development Group,Financials,,,,AU,,https://www.generation.com/,https://www.generation.com/careers,https://www.generation.com/investors,https://www.generation.com/blog,https://www.generation.com/governance,https://www.generation.com/investors
ef9363ad247a0982,GGP.AX,Greatland Resources,Materials,,,,AU,,https://www.greatland.com.au/,https://www.greatland.com.au/careers,https://www.greatland.com.au/investors,https://www.greatland.com.au/blog,https://www.greatland.com.au/governance,https://www.greatland.com.au/investors
bd3f37458eefc079,GMD.AX,Genesis Minerals,Materials,,,,AU,,https://www.genesis.com/au/en/main.html,https://www.genesis.com/au/en/main.html/careers,https://www.genesis.com/au/en/main.html/investors,https://www.genesis.com/au/en/main.html/blog,https://www.genesis.com/au/en/main.html/governance,https://www.genesis.com/au/en/main.html/investors
9e088bbfd6728653,GMG.AX,Goodman Group,Real Estate,,,,AU,,https://www.goodman.com.au/,https://www.goodman.com.au/careers,https://www.goodman.com.au/investors,https://www.goodman.com.au/blog,https://www.goodman.com.au/governance,https://www.goodman.com.au/investors
e3c75fe99c190233,GNE.AX,Genesis Energy,Utilities,,,,AU,,https://www.genesis.com/au/en/main.html,https://www.genesis.com/au/en/main.html/careers,https://www.genesis.com/au/en/main.html/investors,https://www.genesis.com/au/en/main.html/blog,https://www.genesis.com/au/en/main.html/governance,https://www.genesis.com/au/en/main.html/investors
029037f6924e2181,GPT.AX,GPT Group,Real Estate,,,,AU,,https://www.gpt.com.au/,https://www.gpt.com.au/careers,https://www.gpt.com.au/investors,https://www.gpt.com.au/blog,https://www.gpt.com.au/governance,https://www.gpt.com.au/investors
22edb2c09d128075,GQG.AX,GQG Partners,Financials,,,,AU,,https://gqg.com/,https://gqg.com/careers,https://gqg.com/investors,https://gqg.com/blog,https://gqg.com/governance,https://gqg.com/investors
1235bbd79b1885e9,HDN.AX,HomeCo Daily Needs REIT,Real Estate,,,,AU,,,,,,,
fef6f80d609fe93a,HUB.AX,HUB24,Financials,,,,AU,,https://www.hub24.com.au/,https://www.hub24.com.au/careers,https://www.hub24.com.au/investors,https://www.hub24.com.au/blog,https://www.hub24.com.au/governance,https://www.hub24.com.au/investors
0f3798aeba493703,HVN.AX,Harvey Norman,Consumer Discretionary,,,,AU,,,,,,,
c096d66121626913,IAG.AX,Insurance Australia Group,Financials,,,,AU,,https://www.insurance.com.au/,https://www.insurance.com.au/careers,https://www.insurance.com.au/investors,https://www.insurance.com.au/blog,https://www.insurance.com.au/governance,https://www.insurance.com.au/investors
f6cea5c444fa2a70,IFL.AX,Insignia Financial,Financials,,,,AU,,https://www.insignia.com.au/,https://www.insignia.com.au/careers,https://www.insignia.com.au/investors,https://www.insignia.com.au/blog,https://www.insignia.com.au/governance,https://www.insignia.com.au/investors
3bc693aae97ecf51,IFT.AX,Infratil,Financials,,,,AU,,https://infratil.com/,https://infratil.com/careers,https://infratil.com/investors,https://infratil.com/blog,https://infratil.com/governance,https://infratil.com/investors
221d48ef8d645e2a,IGO.AX,IGO,Materials,,,,AU,,https://www.igo.com.au/site/content/,https://www.igo.com.au/site/content/careers,https://www.igo.com.au/site/content/investors,https://www.igo.com.au/site/content/blog,https://www.igo.com.au/site/content/governance,https://www.igo.com.au/site/content/investors
fde2f11dcda6df07,ILU.AX,Iluka Resources,Materials,,,,AU,,https://www.iluka.com/,https://www.iluka.com/careers,https://www.iluka.com/investors,https://www.iluka.com/blog,https://www.iluka.com/governance,https://www.iluka.com/investors
26b0cf828f8ce7b5,IMD.AX,IMDEX,Materials,,,,AU,,https://www.imdex.com/,https://www.imdex.com/careers,https://www.imdex.com/investors,https://www.imdex.com/blog,https://www.imdex.com/governance,https://www.imdex.com/investors
b4edc24d262bea12,JBH.AX,JB Hi-Fi,Consumer Discretionary,,,,AU,,https://jb.com/,https://jb.com/careers,https://jb.com/investors,https://jb.com/blog,https://jb.com/governance,https://jb.com/investors
4b2890ade9b6591d,JHX.AX,James Hardie,Materials,,,,AU,,https://james.com.au/,https://james.com.au/careers,https://james.com.au/investors,https://james.com.au/blog,https://james.com.au/governance,https://james.com.au/investors
9dd7c39f018b908e,L1G.AX,L1 Group,Financials,,,,AU,,https://www.l1.com.au/,https://www.l1.com.au/careers,https://www.l1.com.au/investors,https://www.l1.com.au/blog,https://www.l1.com.au/governance,https://www.l1.com.au/investors
2e7a5e3cf707b6e5,LLC.AX,Lendlease,Real Estate,,,,AU,,https://www.lendlease.com/,https://www.lendlease.com/careers,https://www.lendlease.com/investors,https://www.lendlease.com/blog,https://www.lendlease.com/governance,https://www.lendlease.com/investors
2773f8e06af718fa,LNW.AX,Light & Wonder,Consumer Discretionary,,,,AU,,,,,,,
08c0471c564a4802,LOV.AX,Lovisa,Consumer Discretionary,,,,AU,,https://www.lovisa.com.au/,https://www.lovisa.com.au/careers,https://www.lovisa.com.au/investors,https://www.lovisa.com.au/blog,https://www.lovisa.com.au/governance,https://www.lovisa.com.au/investors
456d85d1d59910a9,LSF.AX,L1 Long Short Fund,Financials,,,,AU,,https://www.l1.com.au/,https://www.l1.com.au/careers,https://www.l1.com.au/investors,https://www.l1.com.au/blog,https://www.l1.com.au/governance,https://www.l1.com.au/investors
015f98555c06dc16,LTR.AX,Liontown Resources,Materials,,,,AU,,https://www.liontown.com/,https://www.liontown.com/careers,https://www.liontown.com/investors,https://www.liontown.com/blog,https://www.liontown.com/governance,https://www.liontown.com/investors
bff000a9271d4fee,LYC.AX,Lynas Rare Earths,Materials,,,,AU,,,,,,,
455bf2c3cfc3b94e,MCY.AX,Mercury NZ,Utilities,,,,AU,,https://mercury.com/,https://mercury.com/careers,https://mercury.com/investors,https://mercury.com/blog,https://mercury.com/governance,https://mercury.com/investors
11aec46bd1eb641f,MEZ.AX,Meridian Energy,Utilities,,,,AU,,,,,,,
d27d7eb46fcb0aea,MFF.AX,MFF Capital Investments,Financials,,,,AU,,https://melbournefashionfestival.com.au/,https://melbournefashionfestival.com.au/careers,https://melbournefashionfestival.com.au/investors,https://melbournefashionfestival.com.au/blog,https://melbournefashionfestival.com.au/governance,https://melbournefashionfestival.com.au/investors
5109138813047f83,MFG.AX,Magellan Financial Group,Financials,,,,AU,,,,,,,
5554c6a86fc798bd,MGR.AX,Mirvac,Real Estate,,,,AU,,,,,,,
30996833ed043f67,MIN.AX,Mineral Resources,Materials,,,,AU,,,,,,,
42f4a79bd7ad90e1,MND.AX,Monadelphous Group,Industrials,,,,AU,,https://www.monadelphous.com.au/,https://www.monadelphous.com.au/careers,https://www.monadelphous.com.au/investors,https://www.monadelphous.com.au/blog,https://www.monadelphous.com.au/governance,https://www.monadelphous.com.au/investors
01f9acd0c4cac6fd,MPL.AX,Medibank,Financials,,,,AU,,https://www.medibank.com.au/,https://www.medibank.com.au/careers,https://www.medibank.com.au/investors,https://www.medibank.com.au/blog,https://www.medibank.com.au/governance,https://www.medibank.com.au/investors
817b5fe0c0523cf0,MSB.AX,Mesoblast,Healthcare,,,,AU,,https://www.mesoblast.com/,https://www.mesoblast.com/careers,https://www.mesoblast.com/investors,https://www.mesoblast.com/blog,https://www.mesoblast.com/governance,https://www.mesoblast.com/investors
f729f98cc9821130,MTS.AX,Metcash,Consumer Staples,,,,AU,,https://www.metcash.com/,https://www.metcash.com/careers,https://www.metcash.com/investors,https://www.metcash.com/blog,https://www.metcash.com/governance,https://www.metcash.com/investors
ff1b033ef6ed6d28,MXT.AX,Metrics Master Income Trust,Financials,,,,AU,,https://www.metrics.com.au/,https://www.metrics.com.au/careers,https://www.metrics.com.au/investors,https://www.metrics.com.au/blog,https://www.metrics.com.au/governance,https://www.metrics.com.au/investors
d8eff96eedeeb93f,NAB.AX,National Australia Bank,Financials,,,,AU,,https://www.nab.com.au/,https://www.nab.com.au/careers,https://www.nab.com.au/investors,https://www.nab.com.au/blog,https://www.nab.com.au/governance,https://www.nab.com.au/investors
8b0cfb69c83c6a2b,NEM.AX,Newmont,Materials,,,,AU,,https://www.newmont.com.au/,https://www.newmont.com.au/careers,https://www.newmont.com.au/investors,https://www.newmont.com.au/blog,https://www.newmont.com.au/governance,https://www.newmont.com.au/investors
bc10985d8d91ea34,NHC.AX,New Hope,Energy,,,,AU,,https://www.new.com.au/,https://www.new.com.au/careers,https://www.new.com.au/investors,https://www.new.com.au/blog,https://www.new.com.au/governance,https://www.new.com.au/investors
5bf885dacdea28b6,NHF.AX,Nib,Financials,,,,AU,,https://www.nib.com.au/,https://www.nib.com.au/careers,https://www.nib.com.au/investors,https://www.nib.com.au/blog,https://www.nib.com.au/governance,https://www.nib.com.au/investors
7cd2ff33d711b646,NIC.AX,Nickel Industries,Materials,,,,AU,,https://www.nickel.com/,https://www.nickel.com/careers,https://www.nickel.com/investors,https://www.nickel.com/blog,https://www.nickel.com/governance,https://www.nickel.com/investors
6921ba3ce2fc447a,NSR.AX,National Storage,Real Estate,,,,AU,,https://www.nab.com.au/,https://www.nab.com.au/careers,https://www.nab.com.au/investors,https://www.nab.com.au/blog,https://www.nab.com.au/governance,https://www.nab.com.au/investors
242f6ce54961190f,NST.AX,Northern Star Resources,Materials,,,,AU,,https://northern.com.au/,https://northern.com.au/careers,https://northern.com.au/investors,https://northern.com.au/blog,https://northern.com.au/governance,https://northern.com.au/investors
14f29b30da946fb1,NWH.AX,NRW Holdings,Industrials,,,,AU,,https://nrw.com.au/,https://nrw.com.au/careers,https://nrw.com.au/investors,https://nrw.com.au/blog,https://nrw.com.au/governance,https://nrw.com.au/investors
9d2661412a8c0598,NWL.AX,Netwealth Group,Financials,,,,AU,,https://www.netwealth.com.au/,https://www.netwealth.com.au/careers,https://www.netwealth.com.au/investors,https://www.netwealth.com.au/blog,https://www.netwealth.com.au/governance,https://www.netwealth.com.au/investors
eff697b4e8233a8c,NWS.AX,News Corp Class B,Communication Services,,,,AU,,https://www.cnet.com/news/,https://www.cnet.com/news/careers,https://www.cnet.com/news/investors,https://www.cnet.com/news/blog,https://www.cnet.com/news/governance,https://www.cnet.com/news/investors
832764c2ad0f50d9,NXG.AX,Nexgen Energy,Energy,,,,AU,,https://nexgen.com.au/,https://nexgen.com.au/careers,https://nexgen.com.au/investors,https://nexgen.com.au/blog,https://nexgen.com.au/governance,https://nexgen.com.au/investors
163f72866e88c88a,NXT.AX,NextDC,Information Technology,,,,AU,,https://www.nextdc.com/,https://www.nextdc.com/careers,https://www.nextdc.com/investors,https://www.nextdc.com/blog,https://www.nextdc.com/governance,https://www.nextdc.com/investors
9db9954babcc0dd8,OBM.AX,Ora Banda Mining,Materials,,,,AU,,https://www.oreilly.com/,https://www.oreilly.com/careers,https://www.oreilly.com/investors,https://www.oreilly.com/blog,https://www.oreilly.com/governance,https://www.oreilly.com/investors
fe21504d38fe07e2,ORA.AX,Orora,Materials,,,,AU,,https://www.orora.com/,https://www.orora.com/careers,https://www.orora.com/investors,https://www.orora.com/blog,https://www.orora.com/governance,https://www.orora.com/investors
c3d7402de236073a,ORG.AX,Origin Energy,Utilities,,,,AU,,https://www.ea.com/games/library/pc-download,https://www.ea.com/games/library/pc-download/careers,https://www.ea.com/games/library/pc-download/investors,https://www.ea.com/games/library/pc-download/blog,https://www.ea.com/games/library/pc-download/governance,https://www.ea.com/games/library/pc-download/investors
d5eea17f99beb68e,ORI.AX,Orica,Materials,,,,AU,,https://www.orica.com/,https://www.orica.com/careers,https://www.orica.com/investors,https://www.orica.com/blog,https://www.orica.com/governance,https://www.orica.com/investors
76f448469936efdd,PDI.AX,Predictive Discovery,Materials,,,,AU,,,,,,,
9611368c3a3554d6,PDN.AX,Paladin Energy,Energy,,,,AU,,https://www.arkema.com/global/en/products/product-finder/product-range/thiochemicals/dmds-for-agricultural-soil-fumig/,https://www.arkema.com/global/en/products/product-finder/product-range/thiochemicals/dmds-for-agricultural-soil-fumig/careers,https://www.arkema.com/global/en/products/product-finder/product-range/thiochemicals/dmds-for-agricultural-soil-fumig/investors,https://www.arkema.com/global/en/products/product-finder/product-range/thiochemicals/dmds-for-agricultural-soil-fumig/blog,https://www.arkema.com/global/en/products/product-finder/product-range/thiochemicals/dmds-for-agricultural-soil-fumig/governance,https://www.arkema.com/global/en/products/product-finder/product-range/thiochemicals/dmds-for-agricultural-soil-fumig/investors
5b352eef24940b48,PLS.AX,PLS Group,Materials,,,,AU,,https://www.pls.com/,https://www.pls.com/careers,https://www.pls.com/investors,https://www.pls.com/blog,https://www.pls.com/governance,https://www.pls.com/investors
66b550dfd777bbed,PME.AX,Pro Medicus,Healthcare,,,,AU,,https://www.pro.com/,https://www.pro.com/careers,https://www.pro.com/investors,https://www.pro.com/blog,https://www.pro.com/governance,https://www.pro.com/investors
8750161773ac6631,PMV.AX,Premier Investments,Consumer Discretionary,,,,AU,,https://premiercontactpoint.com/,https://premiercontactpoint.com/careers,https://premiercontactpoint.com/investors,https://premiercontactpoint.com/blog,https://premiercontactpoint.com/governance,https://premiercontactpoint.com/investors
04fce370d6933f69,PNI.AX,Pinnacle Investment Management,Financials,,,,AU,,https://www.pinnacle.com.au/,https://www.pinnacle.com.au/careers,https://www.pinnacle.com.au/investors,https://www.pinnacle.com.au/blog,https://www.pinnacle.com.au/governance,https://www.pinnacle.com.au/investors
e9a3035acb679a88,PPT.AX,Perpetual,Financials,,,,AU,,https://www.perpetual.com.au/,https://www.perpetual.com.au/careers,https://www.perpetual.com.au/investors,https://www.perpetual.com.au/blog,https://www.perpetual.com.au/governance,https://www.perpetual.com.au/investors
91ab60a511582475,PRN.AX,Perenti,Materials,,,,AU,,https://veloceus.com/,https://veloceus.com/careers,https://veloceus.com/investors,https://veloceus.com/blog,https://veloceus.com/governance,https://veloceus.com/investors
6b7925b76ff1b73e,PRU.AX,Perseus Mining,Materials,,,,AU,,https://www.intensecoffee.com.au/,https://www.intensecoffee.com.au/careers,https://www.intensecoffee.com.au/investors,https://www.intensecoffee.com.au/blog,https://www.intensecoffee.com.au/governance,https://www.intensecoffee.com.au/investors
fc3973b18cb4b882,PXA.AX,Pexa Group,Real Estate,,,,AU,,https://www.pexa.com.au/,https://www.pexa.com.au/careers,https://www.pexa.com.au/investors,https://www.pexa.com.au/blog,https://www.pexa.com.au/governance,https://www.pexa.com.au/investors
b3ae9ace3f5d3258,QBE.AX,QBE Insurance,Financials,,,,AU,,https://www.qbe.com/,https://www.qbe.com/careers,https://www.qbe.com/investors,https://www.qbe.com/blog,https://www.qbe.com/governance,https://www.qbe.com/investors
e4ccb8342b4d446a,QUB.AX,Qube Holdings,Industrials,,,,AU,,https://qube.com.au/,https://qube.com.au/careers,https://qube.com.au/investors,https://qube.com.au/blog,https://qube.com.au/governance,https://qube.com.au/investors
213488aaba547fc8,RDX.AX,Redox,Industrials,,,,AU,,https://redox.com/,https://redox.com/careers,https://redox.com/investors,https://redox.com/blog,https://redox.com/governance,https://redox.com/investors
69956ccafe34f11a,REA.AX,REA Group,Communication Services,,,,AU,,https://rea.com.au/,https://rea.com.au/careers,https://rea.com.au/investors,https://rea.com.au/blog,https://rea.com.au/governance,https://rea.com.au/investors
8fe2c4f370d65fb4,REG.AX,Regis Healthcare,Healthcare,,,,AU,,https://www.regis.com.au/,https://www.regis.com.au/careers,https://www.regis.com.au/investors,https://www.regis.com.au/blog,https://www.regis.com.au/governance,https://www.regis.com.au/investors
792f927f04f1b7eb,REH.AX,Reece Group,Industrials,,,,AU,,https://www.reece.com.au/,https://www.reece.com.au/careers,https://www.reece.com.au/investors,https://www.reece.com.au/blog,https://www.reece.com.au/governance,https://www.reece.com.au/investors
0b17ffe462339755,RGN.AX,Region Group,Real Estate,,,,AU,,https://region.com.au/,https://region.com.au/careers,https://region.com.au/investors,https://region.com.au/blog,https://region.com.au/governance,https://region.com.au/investors
2ffff7e6890c9669,RHC.AX,Ramsay Health Care,Healthcare,,,,AU,,https://www.ramsay.com.au/,https://www.ramsay.com.au/careers,https://www.ramsay.com.au/investors,https://www.ramsay.com.au/blog,https://www.ramsay.com.au/governance,https://www.ramsay.com.au/investors
c87c6a1ab0e1ab4c,RIO.AX,Rio Tinto,Materials,,,,AU,,https://www.rio.com.au/,https://www.rio.com.au/careers,https://www.rio.com.au/investors,https://www.rio.com.au/blog,https://www.rio.com.au/governance,https://www.rio.com.au/investors
08a804fc31ecafdb,RMD.AX,ResMed,Healthcare,,,,AU,,https://www.resmed.com.au/,https://www.resmed.com.au/careers,https://www.resmed.com.au/investors,https://www.resmed.com.au/blog,https://www.resmed.com.au/governance,https://www.resmed.com.au/investors
2611db6087bb88b5,RMS.AX,Ramelius Resources,Materials,,,,AU,,https://www.rameliusresources.com.au/,https://www.rameliusresources.com.au/careers,https://www.rameliusresources.com.au/investors,https://www.rameliusresources.com.au/blog,https://www.rameliusresources.com.au/governance,https://www.rameliusresources.com.au/investors
c0fc45363ffe4670,RRL.AX,Regis Resources,Materials,,,,AU,,https://www.regis.com.au/,https://www.regis.com.au/careers,https://www.regis.com.au/investors,https://www.regis.com.au/blog,https://www.regis.com.au/governance,https://www.regis.com.au/investors
fbfe5abf93f48356,RSG.AX,Resolute Mining,Materials,,,,AU,,https://www.resolute.com.au/,https://www.resolute.com.au/careers,https://www.resolute.com.au/investors,https://www.resolute.com.au/blog,https://www.resolute.com.au/governance,https://www.resolute.com.au/investors
cbefe79ed76d2a90,RWC.AX,Reliance Worldwide Corporation,Industrials,,,,AU,,https://reliance.com/,https://reliance.com/careers,https://reliance.com/investors,https://reliance.com/blog,https://reliance.com/governance,https://reliance.com/investors
d054c919ee850ee7,RYM.AX,Ryman Healthcare,Healthcare,,,,AU,,,,,,,
ea805d77d5af3534,S32.AX,South32,Materials,,,,AU,,https://www.south32.com/,https://www.south32.com/careers,https://www.south32.com/investors,https://www.south32.com/blog,https://www.south32.com/governance,https://www.south32.com/investors
90de099cc39935f8,SCG.AX,Scentre Group,Real Estate,,,,AU,,https://www.scentregroup.com/,https://www.scentregroup.com/careers,https://www.scentregroup.com/investors,https://www.scentregroup.com/blog,https://www.scentregroup.com/governance,https://www.scentregroup.com/investors
a452729fc4a939bf,SDF.AX,Steadfast Group,Financials,,,,AU,,https://www.steadfast.com.au/,https://www.steadfast.com.au/careers,https://www.steadfast.com.au/investors,https://www.steadfast.com.au/blog,https://www.steadfast.com.au/governance,https://www.steadfast.com.au/investors
d036493c21c0b848,SEK.AX,Seek,Communication Services,,,,AU,,https://au.seek.com/,https://au.seek.com/careers,https://au.seek.com/investors,https://au.seek.com/blog,https://au.seek.com/governance,https://au.seek.com/investors
787c656fe2b6f03f,SFR.AX,Sandfire Resources,Materials,,,,AU,,https://www.sandfire.com.au/,https://www.sandfire.com.au/careers,https://www.sandfire.com.au/investors,https://www.sandfire.com.au/blog,https://www.sandfire.com.au/governance,https://www.sandfire.com.au/investors
667f909028490ae5,SGH.AX,SGH,Industrials,,,,AU,,https://sgh.com.au/,https://sgh.com.au/careers,https://sgh.com.au/investors,https://sgh.com.au/blog,https://sgh.com.au/governance,https://sgh.com.au/investors
074cfb1c9769f75c,SGM.AX,Sims Metal,Materials,,,,AU,,,,,,,
e8750cb53a21e623,SGP.AX,Stockland,Real Estate,,,,AU,,https://www.stockland.com.au/,https://www.stockland.com.au/careers,https://www.stockland.com.au/investors,https://www.stockland.com.au/blog,https://www.stockland.com.au/governance,https://www.stockland.com.au/investors
033727cbe73ba158,SHL.AX,Sonic Healthcare,Healthcare,,,,AU,,https://www.sonic.com/,https://www.sonic.com/careers,https://www.sonic.com/investors,https://www.sonic.com/blog,https://www.sonic.com/governance,https://www.sonic.com/investors
00924d754ea9e0e4,SIG.AX,Sigma Healthcare,Healthcare,,,,AU,,https://www.sigma.com.au/,https://www.sigma.com.au/careers,https://www.sigma.com.au/investors,https://www.sigma.com.au/blog,https://www.sigma.com.au/governance,https://www.sigma.com.au/investors
cdfbf9ad2c7b4346,SMR.AX,Stanmore Resources,Materials,,,,AU,,https://www.stanmore.com.au/,https://www.stanmore.com.au/careers,https://www.stanmore.com.au/investors,https://www.stanmore.com.au/blog,https://www.stanmore.com.au/governance,https://www.stanmore.com.au/investors
f2350c2cb49165e9,SNZ.AX,Summerset Group Holdings,Healthcare,,,,AU,,https://www.summerset.com.au/,https://www.summerset.com.au/careers,https://www.summerset.com.au/investors,https://www.summerset.com.au/blog,https://www.summerset.com.au/governance,https://www.summerset.com.au/investors
ce0d69426ad9cbc2,SOL.AX,Soul Patts,Financials,,,,AU,,https://www.soul.com/,https://www.soul.com/careers,https://www.soul.com/investors,https://www.soul.com/blog,https://www.soul.com/governance,https://www.soul.com/investors
d1ca798429ee595c,SPK.AX,Spark New Zealand,Communication Services,,,,AU,,https://www.spark.com.au/,https://www.spark.com.au/careers,https://www.spark.com.au/investors,https://www.spark.com.au/blog,https://www.spark.com.au/governance,https://www.spark.com.au/investors
194f15c29a40b2ba,STO.AX,Santos,Energy,,,,AU,,https://www.santos.com/,https://www.santos.com/careers,https://www.santos.com/investors,https://www.santos.com/blog,https://www.santos.com/governance,https://www.santos.com/investors
f32d60baeaa1fb6c,SUL.AX,Super Retail Group,Consumer Discretionary,,,,AU,,,,,,,
fd94821fae94ca79,SUN.AX,Suncorp,Financials,,,,AU,,https://www.suncorp.com.au/,https://www.suncorp.com.au/careers,https://www.suncorp.com.au/investors,https://www.suncorp.com.au/blog,https://www.suncorp.com.au/governance,https://www.suncorp.com.au/investors
e163b5779ffe879f,TAH.AX,Tabcorp,Consumer Discretionary,,,,AU,,,,,,,
ecae0c5dfb06e1ee,TCL.AX,Transurban,Industrials,,,,AU,,https://www.transurban.com,https://www.transurban.com/careers,https://www.transurban.com/investors,https://www.transurban.com/blog,https://www.transurban.com/governance,https://www.transurban.com/investors
583289af2650e041,TLC.AX,The Lottery Corporation,Consumer Discretionary,,,,AU,,http://theprestige.com.au/,http://theprestige.com.au/careers,http://theprestige.com.au/investors,http://theprestige.com.au/blog,http://theprestige.com.au/governance,http://theprestige.com.au/investors
a61f793074db8a4f,TLX.AX,Telix Pharmaceuticals,Healthcare,,,,AU,,https://www.dialupchronicles.net/win98stuff.php,https://www.dialupchronicles.net/win98stuff.php/careers,https://www.dialupchronicles.net/win98stuff.php/investors,https://www.dialupchronicles.net/win98stuff.php/blog,https://www.dialupchronicles.net/win98stuff.php/governance,https://www.dialupchronicles.net/win98stuff.php/investors
9cb0904049710570,TNE.AX,TechnologyOne,Information Technology,,,,AU,,https://technologyone.com/,https://technologyone.com/careers,https://technologyone.com/investors,https://technologyone.com/blog,https://technologyone.com/governance,https://technologyone.com/investors
10d100956c8b3a99,TPG.AX,TPG Telecom,Communication Services,,,,AU,,https://www.tpg.com.au/,https://www.tpg.com.au/careers,https://www.tpg.com.au/investors,https://www.tpg.com.au/blog,https://www.tpg.com.au/governance,https://www.tpg.com.au/investors
09c305bf96a384b7,TUA.AX,Tuas,Communication Services,,,,AU,,https://www.tuas.com.au/,https://www.tuas.com.au/careers,https://www.tuas.com.au/investors,https://www.tuas.com.au/blog,https://www.tuas.com.au/governance,https://www.tuas.com.au/investors
70e7aba6d9dc6b24,TWE.AX,Treasury Wine Estates,Consumer Staples,,,,AU,,https://www.treasury.com/,https://www.treasury.com/careers,https://www.treasury.com/investors,https://www.treasury.com/blog,https://www.treasury.com/governance,https://www.treasury.com/investors
0cff2005a1f69cde,VAU.AX,Vault Minerals,Materials,,,,AU,,https://vault.com/,https://vault.com/careers,https://vault.com/investors,https://vault.com/blog,https://vault.com/governance,https://vault.com/investors
d47a257f5f6f366e,VCX.AX,Vicinity Centres,Real Estate,,,,AU,,https://www.vicinity.com.au/,https://www.vicinity.com.au/careers,https://www.vicinity.com.au/investors,https://www.vicinity.com.au/blog,https://www.vicinity.com.au/governance,https://www.vicinity.com.au/investors
d40541189f7b986c,VEA.AX,Viva Energy,Energy,,,,AU,,,,,,,
a860255a6e7e5679,VGN.AX,Virgin Australia Holdings,Industrials,,,,AU,,,,,,,
7606d3366f4e9875,VNT.AX,Ventia Services Group,Industrials,,,,AU,,https://www.ventia.com/,https://www.ventia.com/careers,https://www.ventia.com/investors,https://www.ventia.com/blog,https://www.ventia.com/governance,https://www.ventia.com/investors
fefed92b51fe82fc,WAF.AX,West African Resources,Materials,,,,AU,,https://www.west.com.au/,https://www.west.com.au/careers,https://www.west.com.au/investors,https://www.west.com.au/blog,https://www.west.com.au/governance,https://www.west.com.au/investors
9846b81916130c28,WAM.AX,WAM Capital,Financials,,,,AU,,https://www.wam.com/,https://www.wam.com/careers,https://www.wam.com/investors,https://www.wam.com/blog,https://www.wam.com/governance,https://www.wam.com/investors
cd6b0542eb1ab9a1,WBC.AX,Westpac,Financials,,,,AU,,https://www.westpac.com.au/,https://www.westpac.com.au/careers,https://www.westpac.com.au/investors,https://www.westpac.com.au/blog,https://www.westpac.com.au/governance,https://www.westpac.com.au/investors
3ecca4a1ae74792d,WDS.AX,Woodside Energy Group,Energy,,,,AU,,https://www.woodside.com/,https://www.woodside.com/careers,https://www.woodside.com/investors,https://www.woodside.com/blog,https://www.woodside.com/governance,https://www.woodside.com/investors
17587b026a3b9821,WES.AX,Wesfarmers,Consumer Discretionary,,,,AU,,https://www.wesfarmers.com.au/,https://www.wesfarmers.com.au/careers,https://www.wesfarmers.com.au/investors,https://www.wesfarmers.com.au/blog,https://www.wesfarmers.com.au/governance,https://www.wesfarmers.com.au/investors
594401232139cff9,WGX.AX,Westgold Resources,Materials,,,,AU,,https://www.westgold.com.au/,https://www.westgold.com.au/careers,https://www.westgold.com.au/investors,https://www.westgold.com.au/blog,https://www.westgold.com.au/governance,https://www.westgold.com.au/investors
583c476e80279a19,WHC.AX,Whitehaven Coal,Energy,,,,AU,,https://www.domainnames.com.au/premium-domains/whitehaven.com.au?src=whitehaven.com.au&type=direct,https://www.domainnames.com.au/premium-domains/whitehaven.com.au?src=whitehaven.com.au&type=direct/careers,https://www.domainnames.com.au/premium-domains/whitehaven.com.au?src=whitehaven.com.au&type=direct/investors,https://www.domainnames.com.au/premium-domains/whitehaven.com.au?src=whitehaven.com.au&type=direct/blog,https://www.domainnames.com.au/premium-domains/whitehaven.com.au?src=whitehaven.com.au&type=direct/governance,https://www.domainnames.com.au/premium-domains/whitehaven.com.au?src=whitehaven.com.au&type=direct/investors
02cc90ad62ed4b59,WLE.AX,WAM Leaders,Financials,,,,AU,,https://www.wam.com/,https://www.wam.com/careers,https://www.wam.com/investors,https://www.wam.com/blog,https://www.wam.com/governance,https://www.wam.com/investors
e09bc554018dfbdb,WOR.AX,Worley,Energy,,,,AU,,https://www.worley.com/,https://www.worley.com/careers,https://www.worley.com/investors,https://www.worley.com/blog,https://www.worley.com/governance,https://www.worley.com/investors
15d680677bca4435,XYX.AX,"Block, Inc.",Financials,,,,AU,,https://www.block.com.au/,https://www.block.com.au/careers,https://www.block.com.au/investors,https://www.block.com.au/blog,https://www.block.com.au/governance,https://www.block.com.au/investors
5ff7b545a955f416,YAL.AX,Yancoal Australia,Materials,,,,AU,,https://www.yancoal.com.au/,https://www.yancoal.com.au/careers,https://www.yancoal.com.au/investors,https://www.yancoal.com.au/blog,https://www.yancoal.com.au/governance,https://www.yancoal.com.au/investors
ff7bbda711f593bc,ZIM.AX,Zimplats Holdings,Materials,,,,AU,,https://zimplats.com/,https://zimplats.com/careers,https://zimplats.com/investors,https://zimplats.com/blog,https://zimplats.com/governance,https://zimplats.com/investors
2cb3c9097e3ef4ab,ZIP.AX,Zip,Financials,,,,AU,,https://zip.com/,https://zip.com/careers,https://zip.com/investors,https://zip.com/blog,https://zip.com/governance,https://zip.com/investors
